basin,NSE,KGE,RMSE,Pearson-r,FHV,FLV
camelsbr_21500000,0.9575985289405506,0.9575753430441397,0.15159147934283526,0.9786961674690247,-1.694822,-41.01175
camelsbr_33025000,0.9367227367733656,0.9475338617458874,0.10560866629555613,0.9678913354873657,-2.5654094,-1454.741
camelsbr_33250000,0.7860135204033631,0.8262755421887541,0.07496027005918746,0.8898506760597229,-13.759878,-43.188717
camelsbr_33260000,0.8429548909947064,0.8809296260735613,0.06269272504797158,0.9234683513641357,-5.045902,-443.80304
camelsbr_33281000,0.9115058900396318,0.9230636276174524,0.08072718558905796,0.9550238251686096,-4.062432,-514.3019
camelsbr_33321000,0.9169116794397195,0.929395649230623,0.2524385876378323,0.9576632976531982,-5.3088183,-1351.1558
camelsbr_33330000,0.9788472546922414,0.9630159717465974,0.13101480988741987,0.9895287156105042,-1.4130471,-2402.1228
camelsbr_33460000,0.7521027785607489,0.8186555277611831,0.03955423081036609,0.8686442375183105,-4.766824,-68.37452
camelsbr_40330000,0.9692847893810452,0.9680769618089207,0.20766870858827519,0.9846031069755554,-1.6493129,20.738888
camelsbr_40822995,0.9106493329236648,0.9142817368848223,0.3825601212929729,0.9546815156936646,-7.0326967,12.694025
camelsbr_40823500,0.9526880679758583,0.9344651486737792,0.48039620324737964,0.976749837398529,-5.040992,32.976387
camelsbr_41050000,0.9562766169986389,0.9493531979679651,0.49493078150032693,0.9781846404075623,-3.606603,17.115433
camelsbr_41135000,0.9457519454904851,0.9539324149151235,0.183734869999044,0.9725735783576965,-1.538674,-5.4777317
camelsbr_41380000,0.9532859261812963,0.9467390948629262,0.4577845210095815,0.9766690731048584,-4.2861056,45.484276
camelsbr_41440005,0.9135757713253936,0.9268784004533777,0.3166245190382963,0.9559198021888733,-4.3187184,-9.87953
camelsbr_41650002,0.9592355348481376,0.9658590023503185,0.20641111669932208,0.979476809501648,-1.7182509,18.854029
camelsbr_41818000,0.9673559997416573,0.9631386902923933,0.2044291718896651,0.983718991279602,-1.7779365,-8.46254
camelsbr_41990000,0.9761403681673727,0.9760836151242795,0.16405015285896696,0.9880368709564209,-1.7987105,-81.69566
camelsbr_42210000,0.9686818148338489,0.9704153394722091,0.10318107344845481,0.9842720031738281,-0.61223245,5.1296177
camelsbr_43200000,0.9788017024128939,0.9743148057871273,0.08900286723491646,0.9894275665283203,-1.1750828,7.5375395
camelsbr_43670000,0.9648820427042677,0.9658009540679305,0.16095353180930466,0.9823538064956665,-1.0775223,-1030.8717
camelsbr_43880000,0.9631464990169396,0.9659664324798167,0.14658959106835023,0.9814735651016235,-0.2710918,-1408.8912
camelsbr_44200000,0.9813442447138087,0.9707092538592498,0.08576208331300572,0.9908475875854492,-2.7228997,-9.327226
camelsbr_44290002,0.982083923106285,0.9797879795936932,0.0791887756217062,0.9912384748458862,0.04830429,-34.160526
camelsbr_44500000,0.9792273682747225,0.967693437078225,0.08178691009952693,0.9898442625999451,-1.0414338,-6.0010056
camelsbr_45298000,0.9730270566221408,0.9720910453341383,0.07516719862284663,0.9864917993545532,-0.98749286,-51.410145
camelsbr_45590000,0.850813714474314,0.8784269593053754,0.042891115257886844,0.9225500226020813,-11.445212,-27.863386
camelsbr_46455000,0.9933278640618511,0.9848687384605891,0.07296993837164883,0.9967260360717773,-1.0154073,97.64562
camelsbr_46570000,0.8203532821922901,0.8315442665892616,0.0922537402009259,0.907697856426239,-14.265593,-56.032257
camelsbr_54300000,0.8803584015119192,0.8944672608072568,0.26650394147549095,0.9386113882064819,-7.604023,18.532436
camelsbr_56085000,0.9389567842010665,0.944593007532228,0.30153387210530946,0.9691168665885925,-4.5594773,15.734146
camelsbr_56415000,0.9473399318975939,0.9565934339711445,0.29490787902362703,0.973344624042511,-3.0916312,36.399895
camelsbr_56484998,0.9547229585683217,0.9574484156236575,0.2738389882369453,0.977188229560852,-2.4921634,59.498905
camelsbr_56510000,0.9568848855964169,0.9631829186511067,0.2563631180232899,0.9782370328903198,-2.9701173,60.068142
camelsbr_56570000,0.938870038682729,0.9492812149194086,0.28700974740528945,0.968999981880188,-3.0434222,-0.0614824
camelsbr_56800000,0.9295107466896357,0.9375375261694389,0.2559224116590325,0.9642353653907776,-4.2560816,-4.5517063
camelsbr_56845000,0.9628791385250184,0.9651067670639708,0.16243768675603695,0.9813258647918701,-1.4920167,-16.688911
camelsbr_56870000,0.9204340396467239,0.9327111456236291,0.23863517553995642,0.9594963788986206,-3.1767805,46.28027
camelsbr_56940002,0.9482700879669994,0.9501624488650366,0.2615070910540856,0.9739349484443665,-3.4687307,7.8014083
camelsbr_56990000,0.9703465031298117,0.9674961098061629,0.16581629960559197,0.9851621985435486,-1.2495524,11.417758
camelsbr_56991500,0.9517133739354091,0.9452496064352964,0.2749785593734553,0.9758794903755188,-2.935474,-1435.9426
camelsbr_56994500,0.9570643327932075,0.8532709564630165,0.18614521925927563,0.9874999523162842,-9.465004,52.92192
camelsbr_56994510,0.947007048581437,0.8558905806945263,0.15536762475841137,0.986298680305481,8.390912,-62.100647
camelsbr_60010000,0.9809707565393937,0.9793584050938562,0.19493681061119197,0.9904876351356506,-0.6773091,37.90905
camelsbr_60011000,0.984620636811199,0.9792467127726097,0.17412698428747925,0.9923489689826965,-1.127349,-10.388652
camelsbr_60381000,0.9157261218202318,0.9300604933344583,0.28513504628816444,0.9570215344429016,-4.4289513,39.222496
camelsbr_60471200,0.8154015981794593,0.8544961843253738,0.37153561035210636,0.9030768275260925,-11.14314,28.8326
camelsbr_60478600,0.8801416131454904,0.8912943414765859,0.36925708608859537,0.938585638999939,-7.1025743,68.308014
camelsbr_60500000,0.9517497450043523,0.9586676023577899,0.1952020523590221,0.9756253957748413,-2.269678,-2.4141555
camelsbr_60855000,0.9241823974202295,0.9365968572330383,0.3110177530782682,0.9614201188087463,-5.8141937,26.85167
